Compound,#_Atoms,Lattice Parameter (Angstroms),Density (g/cm^3),Vol/Atom,Mass,Total_Energy (eV/atom),Magnetic_Moment,Band_Gap (eV),Band Gap Type,Volume (Angstroms^3),Bulk Modulus (Gpa),avg_CN,DOSmass_CB,Nb_CB,bmass_CB,mobility_n,DOSmass_VB,Nb_VB,bmass_VB,mobility_p,gamma,kappa_L_ac,kappa_L_oc,kappa_L,beta_n,beta_p,dos_mass_tol,Nb_tol
AcNiAs,3,6.583,8.395,23.776,199.605,-5.437,0,0.145,PBE,71.328,76.206,5.333,0.008,3,0.004,38340.3463,2.581,14,0.444,30.876,1.255,4.973,0.902,5.876,131.292,35.451,0.14,
AcNiP,3,6.462,7.794,22.49,175.279,-5.61,0,0.615,PBE,67.471,82.504,5.333,2.16,3,1.038,9.3561,4.729,8,1.182,7.702,1.255,6.257,0.993,7.25,4.005,9.881,0.1,
AcNiSb,3,6.826,8.508,26.507,225.531,-5.265,0,0.391,PBE,79.522,69.803,5.333,2.548,3,1.225,6.1784,1.077,14,0.185,104.921,1.255,4.33,0.827,5.157,4.314,62.505,0.12,
CoMoAl,3,5.772,6.281,16.028,100.67,-6.745,0,0.306,MBJ,48.083,141.056,5.333,1.232,9,0.285,111.4034,2.286,14,0.394,68.562,1.255,21.333,1.62,22.953,14.103,18.066,0.1,
CrCoAl,3,5.461,5.624,13.572,76.335,-6.722,0,0.545,MBJ,40.717,162.61,5.333,4.617,3,2.22,5.9008,4.641,14,0.799,27.324,1.255,29.946,1.943,31.889,1.138,9.802,0.1,
CrCoB,3,4.984,6.532,10.317,67.385,-7.594,0,0.84,MBJ,30.95,239.975,5.333,0.225,3,0.108,809.4577,1.378,8,0.345,142.417,1.255,49.298,2.401,51.699,6.346,8.446,0.11,
CrCoGa,3,5.457,7.382,13.545,99.993,-6.409,0,0.622,MBJ,40.636,168.191,5.333,1.674,3,0.805,27.9559,1.473,14,0.254,158.055,1.255,23.147,1.726,24.873,2.773,25.877,0.1,
CrCoIn,3,5.752,7.877,15.863,124.954,-5.889,0,0.699,MBJ,47.589,139.333,5.333,0.616,6,0.187,207.4981,1.98,14,0.341,84.016,1.255,15.65,1.443,17.093,16.073,26.122,0.1,
CrFeC,3,4.895,6.788,9.774,66.34,-8.352,0,0.563,MBJ,29.321,270.387,5.333,5.116,3,2.46,8.4119,4.176,8,1.044,30.417,1.255,59.129,2.546,61.675,0.92,4.101,0.14,
CrFeGe,3,5.45,7.404,13.493,99.899,-7.431,0,0.423,MBJ,40.479,190.022,5.333,5.087,3,2.446,5.9623,5.382,8,1.346,14.61,1.255,30.154,1.834,31.988,1.251,4.773,0.1,
CrFeSi,3,5.339,5.932,12.683,75.237,-7.95,0,0.368,MBJ,38.048,207.641,5.333,9.953,3,4.785,2.3806,4.17,8,1.043,23.409,1.255,46.132,2.187,48.319,0.605,4.024,0.1,
CrFeSn,3,5.743,7.945,15.783,125.399,-6.897,0,0.466,MBJ,47.349,156.398,5.333,1.532,3,0.737,29.6924,1.934,14,0.333,97.691,1.255,19.943,1.524,21.467,3.151,23.678,0.1,
CrIrAl,3,5.76,9.426,15.924,150.11,-7.559,0,0.351,MBJ,47.773,179.152,5.333,5.324,3,2.56,5.2501,12.781,14,2.2,6.587,1.255,22.018,1.493,23.511,1.561,7.976,0.1,
CrIrB,3,5.376,10.901,12.95,141.159,-8.046,0,0.528,MBJ,38.849,237.306,5.333,13.716,3,6.594,1.6818,2.112,8,0.528,74.223,1.255,29.987,1.713,31.7,0.869,10.543,0.1,
CrIrGa,3,5.775,10.826,16.051,173.768,-7.143,0,0.361,MBJ,48.153,182.999,5.333,3.797,3,1.825,8.9041,34.652,14,5.965,1.507,1.255,19.604,1.405,21.008,2.185,5.012,0.1,
CrIrIn,3,6.042,10.814,18.376,198.728,-6.651,0,0.476,MBJ,55.129,154.748,5.333,12.746,3,6.128,1.2243,11.821,14,2.035,6.397,1.255,14.808,1.235,16.043,1.17,10.581,0.1,
CrOsGe,3,5.767,10.905,15.982,174.282,-8.247,0,0.354,MBJ,47.945,202.465,5.333,8.122,3,3.905,3.1489,3.874,8,0.969,25.487,1.255,24.242,1.474,25.716,1.252,7.704,0.1,
CrOsPb,3,6.135,12.925,19.246,248.763,-7.24,0.047,0.338,MBJ,57.739,150.077,5.333,9.635,3,4.632,1.8065,2.079,14,0.358,84.106,1.255,11.483,1.095,12.579,1.712,37.129,0.1,
CrOsSi,3,5.662,9.89,15.129,149.621,-8.786,0,0.31,MBJ,45.386,218.221,5.333,13.39,3,6.437,1.6034,3.802,8,0.951,28.258,1.255,31.086,1.637,32.723,0.785,6.6,0.1,
CrOsSn,3,6.026,10.956,18.235,199.783,-7.785,0,0.419,MBJ,54.704,174.263,5.333,13.342,3,6.414,1.2873,2.539,14,0.437,72.36,1.255,18.869,1.306,20.175,1.02,23.843,0.1,
CrReAs,3,5.794,10.692,16.21,173.319,-8.559,0.024,0.152,MBJ,48.631,197.964,5.333,11.798,3,5.672,1.7586,13.08,8,3.27,4.018,1.255,23.849,1.465,25.314,0.994,3.688,0.1,
CrReP,3,5.641,9.962,14.956,148.993,-9.029,0,0.123,MBJ,44.868,218.949,5.333,5.195,3,2.498,6.6561,12.975,8,3.244,4.497,1.255,30.804,1.64,32.444,1.403,3.198,0.1,
CrReSb,3,6.057,10.759,18.519,199.244,-8.184,0,0.241,MBJ,55.556,174.16,5.333,17.89,3,8.6,0.8286,5.092,8,1.273,14.55,1.255,19.464,1.31,20.774,0.83,6.963,0.1,
CrRhAl,3,5.729,6.425,15.67,100.675,-6.899,0.002,0.444,MBJ,47.009,159.459,5.333,5.361,3,2.577,4.625,17.757,14,3.057,3.58,1.255,26.832,1.716,28.548,1.139,4.8,0.1,
CrRhB,3,5.315,7.332,12.511,91.724,-7.44,0,0.63,MBJ,37.533,217.26,5.333,4.251,3,2.044,8.9245,2.616,8,0.654,49.302,1.255,39.056,2.022,41.078,1.24,6.551,0.1,
CrRhGa,3,5.733,7.917,15.705,124.333,-6.55,0,0.44,MBJ,47.114,163.138,5.333,3.892,3,1.871,7.648,11.451,14,1.971,7.072,1.255,21.921,1.562,23.483,1.717,7.767,0.1,
CrRuC,3,5.232,7.654,11.937,91.372,-8.265,0,0.36,MBJ,35.812,241.483,5.333,6.518,3,3.134,5.2242,4.222,8,1.056,26.723,1.255,45.411,2.119,47.53,0.922,4.722,0.12,
CrRuGe,3,5.722,8.002,15.613,124.931,-7.676,0,0.203,MBJ,46.839,185.993,5.333,9.14,3,4.394,2.4232,4.132,14,0.711,37.2,1.255,28.826,1.662,30.488,0.904,12.572,0.1,
CrRuPb,3,6.09,10.596,18.819,199.412,-6.757,0,0.333,MBJ,56.458,141.803,5.333,6.099,3,2.932,3.3894,3.026,14,0.521,45.255,1.255,12.706,1.185,13.891,1.927,25.361,0.1,
CrRuSi,3,5.62,6.777,14.795,100.27,-8.161,0,0.147,MBJ,44.384,200.581,5.333,14.659,3,7.047,1.2866,2.687,14,0.463,76.492,1.255,40.249,1.91,42.159,0.531,12.693,0.1,
CrRuSn,3,5.987,8.412,17.883,150.432,-7.239,0,0.287,MBJ,53.648,159.508,5.333,12.743,3,6.126,1.2623,2.768,14,0.477,58.186,1.255,21.117,1.435,22.551,0.858,18.538,0.1,
FeMoSi,3,5.674,6.539,15.226,99.572,-7.9,0,0.183,MBJ,45.679,176.267,5.333,0.77,3,0.37,93.9246,2.679,8,0.67,38.581,1.255,32.175,1.805,33.98,3.39,6.333,0.1,
HfAgAl,3,6.268,8.453,20.517,173.438,-5.49,0,0.068,PBE,61.55,106.243,5.333,0.249,3,0.12,308.4,6.194,3,2.978,2.481,1.255,9.341,1.116,10.457,13.082,1.901,0.1,
HfAgB,3,5.862,9.797,16.79,164.487,-5.786,0,0.147,PBE,50.37,135.707,5.333,0.045,3,0.021,5181.3949,2.093,3,1.006,16.139,1.255,11.755,1.252,13.008,37.65,3.742,0.1,
HfAgGa,3,6.237,9.75,20.215,197.096,-5.238,0,0.09,MBJ,60.646,107.349,5.333,0.507,3,0.244,107.0058,3.647,30,0.378,55.477,1.255,7.955,1.049,9.005,10.009,76.965,0.1,
HfAuAl,3,6.263,10.882,20.47,222.755,-6.176,0,0.641,PBE,61.409,126.918,5.333,0.771,3,0.371,67.4591,6.627,3,3.186,2.678,1.255,10.173,1.075,11.248,7.367,2.027,0.1,
HfAuB,3,5.919,12.373,17.28,213.804,-6.376,0,0.72,PBE,51.84,152.648,5.333,0.606,3,0.291,116.5097,1.833,3,0.881,22.135,1.255,11.705,1.171,12.876,8.946,4.604,0.1,
HfAuGa,3,6.248,12.124,20.325,246.413,-5.874,0,0.562,PBE,60.974,126.841,5.333,0.83,3,0.399,60.364,1.765,3,0.848,19.476,1.255,8.865,1.021,9.886,8.015,5.098,0.1,
HfAuIn,3,6.461,12.072,22.479,271.373,-5.647,0,0.369,PBE,67.437,115.61,5.333,0.653,3,0.314,78.79,3.039,3,1.461,7.857,1.255,7.758,0.944,8.702,9.58,3.81,0.1,
HfCoAs,3,5.792,10.677,16.192,172.887,-8.064,0,1.279,PBE,48.576,161.215,5.333,5.087,3,2.445,5.059,5.092,8,1.273,13.469,1.255,15.139,1.324,16.463,2.062,8.133,0.1,
HfCoBi,3,6.186,12.528,19.723,247.09,-7.31,0,0.969,PBE,59.168,125.393,5.333,3.446,3,1.657,7.0552,0.134,11,0.027,3373.005,1.255,8.139,1.009,9.148,3.645,157.669,0.1,
HfCoP,3,5.649,9.889,15.022,148.561,-8.43,0,1.368,PBE,45.067,176.58,5.333,1.18,3,0.567,49.5931,5.835,8,1.459,12.027,1.255,19.349,1.476,20.825,4.289,6.49,0.12,
HfCoSb,3,6.054,10.755,18.486,198.813,-7.755,0,1.127,PBE,55.458,143.683,5.333,3.321,3,1.596,8.5479,6.314,8,1.579,8.694,1.255,12.697,1.191,13.888,2.813,7.553,0.1,
HfCuB,3,5.528,9.944,14.074,139.954,-6.611,0,0.085,MBJ,42.221,156.225,5.333,0.339,3,0.163,284.4882,2.525,3,1.214,14.02,1.255,14.026,1.415,15.441,10.81,3.243,0.1,
HfFeTe,3,6.042,10.901,18.378,200.336,-7.596,0,0.824,PBE,55.134,145.573,5.333,0.026,3,0.013,12221.2475,3.439,8,0.86,21.916,1.255,12.807,1.193,14,51.426,10.93,0.1,
HfIrSb,3,6.32,12.957,21.037,272.587,-8.578,0,0.881,PBE,63.111,158.922,5.333,0.065,3,0.031,3413.4215,1.776,3,0.854,24.181,1.255,13.791,1.093,14.884,30.612,4.227,0.1,
HfNiC,3,5.336,10.892,12.664,137.932,-7.939,0,0.908,PBE,37.992,184.298,5.333,2.199,3,1.057,20.34,0.592,3,0.285,145.581,1.255,16.884,1.521,18.405,3.486,7.66,0.1,
HfNiGe,3,5.849,10.284,16.675,171.491,-7.401,0,0.563,PBE,50.025,146.182,5.333,1.675,3,0.805,24.2758,2.382,3,1.145,14.315,1.255,13.007,1.272,14.278,4.197,3.398,0.11,
HfNiSi,3,5.771,9.168,16.015,146.83,-7.765,0,0.685,PBE,48.046,157.476,5.333,0.82,3,0.394,76.3315,2.571,3,1.236,13.752,1.255,17.176,1.417,18.593,5.33,2.685,0.1,
HfNiSn,3,6.105,10.387,18.965,196.992,-7.052,0,0.376,PBE,56.896,129.269,5.333,1.093,3,0.525,40.7458,2.584,3,1.242,11.202,1.255,10.658,1.14,11.798,5.804,3.463,0.1,
HfPdSn,3,6.343,10.505,21.267,223.409,-7.053,0,0.394,PBE,63.8,126.208,5.333,0.784,3,0.377,65.4359,1.278,3,0.615,31.438,1.255,10.757,1.078,11.835,6.893,5.142,0.1,
HfPtGe,3,6.161,12.676,19.485,246.985,-7.843,0,1.138,PBE,58.454,154.42,5.333,1.759,3,0.845,23.8377,1.412,3,0.679,33.133,1.255,12.63,1.117,13.747,4.472,5.102,0.1,
HfPtPb,3,6.462,14.296,22.487,321.466,-7.195,0,0.753,PBE,67.46,127.647,5.333,0.906,3,0.436,53.2674,1.628,3,0.783,22.127,1.255,7.868,0.912,8.779,8.617,6.064,0.1,
HfPtSi,3,6.082,11.856,18.752,222.324,-8.194,0,1.293,PBE,56.257,165.434,5.333,0.183,3,0.088,759.2418,2.664,3,1.281,13.695,1.255,15.561,1.211,16.772,15.253,3.061,0.1,
HfPtSn,3,6.366,12.672,21.502,272.486,-7.614,0,0.906,PBE,64.507,143.738,5.333,1.622,3,0.78,25.0467,2.109,3,1.014,16.899,1.255,11.507,1.043,12.551,4.786,4.089,0.1,
HfRhAs,3,6.061,10.63,18.553,197.226,-8.277,0,0.295,PBE,55.659,154.922,5.333,0.104,3,0.05,1666.7538,0.727,3,0.349,89.981,1.255,15.255,1.242,16.498,20.418,6.352,0.1,
HfRhBi,3,6.404,12.399,21.891,271.429,-7.671,0,0.145,PBE,65.672,128.435,5.333,0.047,3,0.023,4527.0179,0.066,3,0.032,2701.072,1.255,9.317,0.991,10.308,43.552,35.424,0.1,
HfRhP,3,5.936,9.92,17.429,172.9,-8.566,0,0.855,PBE,52.287,167.249,5.333,0.278,3,0.134,410.3665,0.51,3,0.245,165.302,1.255,18.864,1.365,20.229,9.953,6.918,0.1,
HfRhSb,3,6.282,10.803,20.657,223.152,-8.067,0,1.126,PBE,61.97,145.615,5.333,3.215,3,1.545,9.0954,1.572,3,0.756,26.593,1.255,14.004,1.153,15.157,2.664,4.091,0.1,
HfRuTe,3,6.277,10.932,20.615,225.368,-8.075,0,0.066,PBE,61.844,147.603,5.333,0.095,9,0.022,5444.2097,1.261,3,0.606,37.525,1.255,14.205,1.154,15.359,102.616,4.671,0.11,
LaAuSi,3,6.751,7.858,25.638,201.455,-5.105,0,0.241,PBE,76.915,76.672,5.333,0.403,6,0.122,215.781,1.121,6,0.339,46.512,1.255,5.745,0.912,6.657,29.292,15.855,0.16,
LaAuSn,3,6.995,8.82,28.528,251.617,-4.856,0,0.143,PBE,85.583,68.537,5.333,0.004,6,0.001,195059.5865,0.996,14,0.171,115.836,1.255,4.179,0.786,4.964,559.045,66.818,0.12,
LaCoS,3,6.13,6.628,19.198,127.255,-6.084,0,0.32,PBE,57.595,98.687,5.333,0.032,9,0.007,18619.0234,6.138,20,0.833,15.575,1.255,10.203,1.241,11.445,176.879,23.091,0.1,
LaCoSe,3,6.295,7.372,20.784,153.212,-5.902,0,0.066,PBE,62.351,90.744,5.333,0.105,9,0.024,2880.4221,6.549,26,0.746,16.893,1.255,7.846,1.099,8.946,102.004,37.727,0.12,
LaCoTe,3,6.545,7.709,23.366,180.135,-5.751,0,0.632,PBE,70.099,83.991,5.333,1.194,9,0.276,69.5267,7.358,1,7.358,0.505,1.255,6.766,0.994,7.761,25.307,0.392,0.14,
LaCuC,3,6.009,6.564,18.084,118.708,-5.144,0,0.333,PBE,54.252,88.674,5.333,1.042,3,0.501,30.0123,0.39,6,0.118,262.244,1.255,7.827,1.206,9.033,5.35,25.466,0.1,
LaFeF,3,6.494,5.184,22.822,118.313,-4.327,2.668,0.056,MBJ,68.466,35.166,5.333,14.886,9,3.44,0.6613,11.302,5,3.865,0.555,1.255,1.566,0.791,2.357,7.677,3.977,0.1,
LaHgAl,3,7.012,7.061,28.73,202.85,-3.289,0,0.066,PBE,86.189,56.874,5.333,0.009,9,0.002,67295.7105,1.228,17,0.186,85.233,1.255,3.64,0.798,4.438,547.964,71.781,0.1,
LaNiAs,3,6.37,7.002,21.543,150.844,-5.898,0,0.626,PBE,64.629,86.178,5.333,3.433,9,0.793,14.6347,1.281,1,1.281,7.137,1.255,7.63,1.086,8.716,12.27,1.023,0.1,
LaNiP,3,6.247,6.229,20.312,126.518,-6.097,0,0.698,PBE,60.936,93.785,5.333,3.546,9,0.82,15.1687,1.722,20,0.234,99.608,1.255,10.206,1.225,11.431,9.984,47.103,0.13,
LaNiSb,3,6.619,7.315,24.165,176.769,-5.702,0,0.453,PBE,72.496,78.517,5.333,2.855,9,0.66,17.5784,0.095,1,0.095,321.782,1.255,6.352,0.976,7.328,14.85,5.279,0.1,
LaPtSb,3,6.859,9.38,26.893,252.263,-6.21,0,0.05,PBE,80.679,85.383,5.333,0.019,9,0.004,35209.964,0.822,14,0.142,192.475,1.255,6.068,0.867,6.935,345.276,66.855,0.14,
LaRhS,3,6.404,6.927,21.885,151.594,-6.486,0,0.366,PBE,65.655,96.228,5.333,0.005,9,0.001,258813.2929,0.419,5,0.143,212.987,1.255,9.977,1.148,11.125,513.619,16.654,0.1,
LaRhSe,3,6.545,7.6,23.363,177.551,-6.342,0,0.128,PBE,70.089,90.539,5.333,0.035,9,0.008,14780.1534,1.21,2,0.762,16.335,1.255,8.132,1.04,9.172,191.11,2.789,0.1,
LaRhTe,3,6.76,7.941,25.748,204.474,-6.227,0,0.749,PBE,77.243,86.242,5.333,0.972,9,0.225,97.1485,0.991,2,0.624,20.991,1.255,7.382,0.961,8.343,27.342,3.292,0.1,
LaRuF,3,6.037,7.82,18.331,143.345,-5.85,0.002,0.056,MBJ,54.993,82.975,5.333,5.994,9,1.385,6.1066,9.851,1,9.851,0.322,1.255,5.508,1.064,6.573,11.213,0.384,0.13,
LiAlGe,3,6.061,3.179,18.555,58.984,-3.545,0,0.371,PBE,55.664,51.337,5.333,0.83,3,0.399,24.4602,0.943,30,0.098,201.946,1.255,5.728,1.308,7.036,4.56,106.081,0.1,
MnNiB,3,5.057,6.391,10.778,68.881,-6.654,2,0.06,PBE,32.334,193.676,5.333,31.278,3,15.037,0.3986,34.539,6,10.46,0.687,1.255,32.402,2.149,34.551,0.397,0.987,0.1,
MoIrB,3,5.599,11.314,14.628,165.494,-8.536,0,0.325,MBJ,43.884,242.51,5.333,3.427,3,1.648,13.7607,0.872,8,0.218,285.88,1.255,32.611,1.632,34.243,1.89,16.957,0.1,
MoOsPb,3,6.237,13.509,20.217,273.098,-7.988,0,0.116,MBJ,60.65,173.706,5.333,6.886,3,3.31,3.4608,2.743,14,0.472,64.23,1.255,15.55,1.134,16.684,1.828,27.435,0.1,
MoRhB,3,5.529,8.24,14.085,116.059,-7.948,0,0.497,MBJ,42.255,224.441,5.333,3.048,3,1.465,15.182,0.928,14,0.16,421.982,1.255,39.4,1.863,41.263,1.557,27.47,0.1,
NbCoC,3,5.224,7.632,11.883,90.693,-8.383,0,1.446,PBE,35.65,237.448,5.333,2.936,3,1.411,16.9917,4.881,8,1.22,21.139,1.255,43.769,2.107,45.876,1.515,4.409,0.17,
NbCoGe,3,5.706,8.026,15.48,124.252,-7.776,0,1.071,PBE,46.441,180.535,5.333,3.725,6,1.128,18.0803,7.198,14,1.239,15.706,1.255,26.731,1.64,28.371,4.262,9.4,0.25,
NbCoPb,3,6.051,10.763,18.464,198.733,-6.893,0,0.942,PBE,55.391,141.093,5.333,3.292,3,1.583,8.5039,7.896,14,1.359,10.683,1.255,12.173,1.18,13.353,2.888,14.765,0.17,
NbCoSi,3,5.623,6.723,14.813,99.591,-8.205,0,0.862,PBE,44.439,193.214,5.333,0.227,3,0.109,643.1349,2.178,6,0.66,43.28,1.255,37.438,1.881,39.32,6.683,4.541,0.1,
NbCoSn,3,5.962,8.479,17.661,149.753,-7.355,0,0.982,PBE,52.982,156.446,5.333,3.463,9,0.8,26.2186,6.972,14,1.2,14.277,1.255,19.867,1.421,21.288,9.071,11.065,0.17,
NbFeAs,3,5.694,8.046,15.388,123.806,-8.24,0,0.581,PBE,46.163,188.598,5.333,0.267,3,0.128,492.1222,3.85,8,0.963,23.967,1.255,29.247,1.678,30.924,7.525,5.991,0.13,
NbFeBi,3,6.081,10.569,18.736,198.009,-7.393,0,0.596,PBE,56.207,145.74,5.333,1.133,3,0.545,43.5046,4.489,8,1.122,14.71,1.255,13.505,1.205,14.71,5.136,8.876,0.25,
NbFeP,3,5.552,6.975,14.263,99.48,-8.656,0,0.507,PBE,42.79,209.284,5.333,0.662,3,0.318,139.8786,3.292,8,0.823,33.637,1.255,41.68,1.947,43.627,3.433,5.176,0.2,
NbFeSb,3,5.951,8.525,17.565,149.732,-7.886,0,0.507,PBE,52.695,166.863,5.333,0.005,3,0.002,169905.188,4.652,32,0.462,63.86,1.255,22.69,1.467,24.157,92.703,42.182,0.22,0.05
NbIrC,3,5.656,10.907,15.079,164.468,-8.624,0,0.283,PBE,45.236,216.764,5.333,0.226,3,0.109,726.3199,2.772,8,0.693,45.089,1.255,27.127,1.555,28.682,10.305,9.041,0.27,
NbIrPb,3,6.321,12.947,21.049,272.507,-7.691,0,0.715,PBE,63.146,157.385,5.333,0.04,3,0.019,7082.3068,1.852,14,0.319,104.908,1.255,13.516,1.088,14.604,41.535,35.948,0.1,
NbIrSi,3,5.941,9.923,17.472,173.365,-8.901,0,0.485,PBE,52.415,204.37,5.333,0.11,3,0.053,2016.6516,4.626,14,0.796,34.508,1.255,29.462,1.507,30.969,13.861,12.71,0.22,
NbIrSn,3,6.23,11.094,20.149,223.527,-8.178,0,0.631,PBE,60.447,174.466,5.333,0.785,3,0.377,90.3043,4.541,14,0.782,30.29,1.255,19.912,1.255,21.168,5.324,16.051,0.21,
NbNiB,3,5.349,7.049,12.753,89.896,-7.477,0,0.58,PBE,38.259,207.562,5.333,1.647,3,0.792,35.3516,1.69,6,0.512,68.022,1.255,37.499,2.002,39.501,2.176,5.655,0.14,
NbOsAs,3,6.015,10.926,18.139,198.19,-9.015,0,0.242,PBE,54.418,195.936,5.333,0.733,3,0.352,112.3984,1.031,8,0.258,179.679,1.255,24.467,1.389,25.856,5.101,16.41,0.23,
NbOsBi,3,6.346,12.788,21.3,272.393,-8.328,0,0.318,PBE,63.9,162.956,5.333,0.553,3,0.266,142.6544,2.012,8,0.503,54.815,1.255,14.937,1.109,16.047,8.095,14.724,0.11,
NbOsP,3,5.893,10.192,17.058,173.864,-9.349,0,0.16,PBE,51.174,212.157,5.333,0.553,3,0.266,185.726,2.14,8,0.535,65.059,1.255,30.491,1.527,32.018,5.282,9.258,0.18,
NbOsSb,3,6.226,11.145,20.109,224.115,-8.808,0,0.264,PBE,60.328,183.893,5.333,0.706,3,0.339,111.5993,1.997,8,0.499,62.556,1.255,22.223,1.287,23.51,5.385,11.392,0.17,
NbPtAl,3,6.065,9.379,18.589,174.341,-7.377,0,0.143,PBE,55.766,165.732,5.333,0.014,3,0.007,36017.7849,1.357,6,0.411,75.486,1.255,20.661,1.367,22.028,54.438,9.236,0.11,
NbPtB,3,5.741,10.491,15.764,165.39,-7.62,0,0.808,PBE,47.293,203.722,5.333,0.202,3,0.097,807.8182,2.481,6,0.751,37.534,1.255,25.529,1.515,27.043,10.988,6.439,0.19,
NbPtGa,3,6.058,10.686,18.529,197.999,-7.027,0,0.457,PBE,55.588,168.077,5.333,0.453,3,0.218,198.4553,2.41,6,0.73,32.346,1.255,18.146,1.291,19.438,7.769,7.52,0.18,
NbPtIn,3,6.274,10.833,20.582,222.96,-6.706,0,0.449,PBE,61.746,150.271,5.333,0.647,3,0.311,103.9489,1.538,6,0.466,56.725,1.255,14.93,1.171,16.101,6.771,10.628,0.17,
NbRhC,3,5.567,8,14.379,115.032,-8.193,0,1.048,PBE,43.138,212.12,5.333,0.384,3,0.185,320.9133,3.714,8,0.929,28.451,1.255,36.536,1.825,38.361,5.486,5.55,0.21,
NbRhGe,3,5.972,8.373,17.747,148.592,-7.9,0,0.649,PBE,53.24,176.01,5.333,0.677,3,0.325,113.7516,2.821,6,0.854,26.746,1.255,26.284,1.515,27.798,4.47,5.01,0.22,
NbRhPb,3,6.279,10.813,20.629,223.072,-7.159,0,0.763,PBE,61.887,142.467,5.333,0.169,3,0.081,738.2214,6.426,6,1.946,6.297,1.255,13.314,1.14,14.454,16.001,4.759,0.21,
NbRhSi,3,5.896,7.257,17.078,123.93,-8.285,0,0.473,PBE,51.233,187.189,5.333,0.258,3,0.124,514.2257,2.086,6,0.632,44.734,1.255,34.956,1.699,36.656,6.432,4.843,0.18,
NbRhSn,3,6.193,8.794,19.797,174.092,-7.595,0,0.659,PBE,59.39,158.157,5.333,0.27,3,0.13,405.8315,0.815,6,0.247,154.769,1.255,21.005,1.351,22.356,8.67,11.792,0.11,
NbRuAs,3,5.962,8.43,17.656,148.839,-8.518,0,0.332,PBE,52.968,185.055,5.333,0.659,3,0.317,124.5303,0.335,8,0.084,916.23,1.255,29.033,1.55,30.583,4.341,25.722,0.18,
NbRuBi,3,6.303,10.689,20.866,223.042,-7.824,0,0.421,PBE,62.598,151.15,5.333,0.561,3,0.27,129.4988,3.185,8,0.796,25.528,1.255,15.513,1.177,16.689,7.157,9.968,0.23,
NbRuP,3,5.839,7.506,16.587,124.513,-8.853,0,0.245,PBE,49.762,200.906,5.333,0.324,3,0.156,392.1724,2.579,8,0.645,46.568,1.255,38.489,1.748,40.237,5.485,6.237,0.17,
NbRuSb,3,6.184,8.866,19.711,174.764,-8.274,0,0.356,PBE,59.133,170.766,5.333,0.492,3,0.237,178.1383,1.517,8,0.379,87.74,1.255,24.582,1.4,25.982,5.62,11.289,0.12,
ScAgC,3,5.736,5.803,15.723,91.238,-5.1,0,0.228,PBE,47.17,106.52,5.333,1.417,3,0.681,22.7301,0.311,3,0.15,220.763,1.255,12.444,1.474,13.918,3.469,8.612,0.1,
ScAuGe,3,6.268,8.483,20.525,174.114,-5.353,0,0.297,PBE,61.575,98.743,5.333,1.371,3,0.659,22.1328,0.54,3,0.26,89.594,1.255,7.91,1.073,8.983,5.081,8.888,0.1,
ScAuSi,3,6.174,7.622,19.608,149.453,-5.623,0,0.386,PBE,58.824,109.741,5.333,1.371,3,0.659,24.6231,1.368,3,0.658,24.68,1.255,11.047,1.212,12.259,4.139,4.143,0.1,
ScAuSn,3,6.493,8.752,22.807,199.615,-5.191,0,0.146,PBE,68.421,92.178,5.333,0.783,3,0.376,47.888,1.561,3,0.751,17.012,1.255,7.012,0.986,7.998,7.457,4.929,0.1,
ScCdIn,3,6.676,6.075,24.799,150.658,-3.336,0,0.068,MBJ,74.398,58.41,5.333,4.86,3,2.337,1.9624,4.495,3,2.161,2.207,1.255,4.205,0.916,5.12,2.468,2.587,0.1,
ScCoS,3,5.585,5.185,14.514,75.252,-6.655,0,0.672,PBE,43.542,132.323,5.333,0.18,3,0.087,623.7768,2.395,2,1.509,8.568,1.255,21.891,1.785,23.676,8.736,1.048,0.12,
ScCoSe,3,5.776,6.302,16.06,101.209,-6.416,0,0.292,PBE,48.18,121.174,5.333,0.039,3,0.019,5703.9882,0.606,3,0.291,92.424,1.255,15.19,1.498,16.688,28.493,5.478,0.1,
ScCoTe,3,6.043,6.968,18.389,128.132,-6.264,0,0.889,PBE,55.167,113.128,5.333,1.39,3,0.668,24.8546,0.598,3,0.288,88.036,1.255,12.63,1.315,13.946,3.72,6.169,0.1,
ScCuC,3,5.352,5.22,12.778,66.705,-5.862,0,0.118,PBE,38.334,131.888,5.333,0.649,3,0.312,90.8533,0.507,3,0.244,131.556,1.255,19.8,1.853,21.654,4.411,5.115,0.1,
ScHgAl,3,6.441,6.773,22.273,150.847,-3.674,0,0.103,PBE,66.819,76.804,5.333,0.442,3,0.212,94.2151,4.555,3,2.19,2.844,1.255,6.293,1.031,7.324,9.567,2.359,0.1,
ScHgB,3,6.029,7.768,18.266,141.897,-3.831,0,0.17,PBE,54.798,94.817,5.333,1.307,3,0.628,22.846,0.517,3,0.248,91.918,1.255,7.446,1.143,8.589,5.252,9.166,0.1,
ScHgGa,3,6.431,7.875,22.159,174.505,-3.422,0,0.077,PBE,66.478,73.059,5.333,0.646,3,0.311,50.6323,2.812,3,1.352,5.578,1.255,4.672,0.934,5.606,9.461,3.915,0.1,
ScHgIn,3,6.665,8.085,24.672,199.466,-3.29,0,0.378,MBJ,74.017,67.349,5.333,0.604,3,0.291,51.5913,2.784,3,1.338,5.219,1.255,4.058,0.854,4.911,10.362,4.144,0.1,
ScNiAs,3,5.822,6.01,16.447,98.841,-6.45,0,0.467,PBE,49.341,119.007,5.333,1.242,3,0.597,30.9424,0.547,3,0.263,105.781,1.255,15.71,1.508,17.218,3.39,5.543,0.1,
ScNiBi,3,6.247,8.519,20.313,173.045,-5.822,0,0.179,PBE,60.939,90.751,5.333,2.198,3,1.057,10.0276,0.63,3,0.303,65.345,1.255,6.481,1.031,7.512,4.208,8.906,0.1,
ScNiP,3,5.669,4.908,15.181,74.516,-6.754,0,0.58,PBE,45.543,132.603,5.333,3.348,3,1.61,7.7913,0.748,3,0.359,73.851,1.255,24.223,1.809,26.032,1.378,3.388,0.1,
ScNiSb,3,6.103,6.586,18.944,124.767,-6.179,0,0.263,PBE,56.831,105.623,5.333,0.812,3,0.391,51.9358,0.171,3,0.082,539.04,1.255,11.849,1.294,13.143,5.086,12.967,0.1,
ScPtP,3,6.019,8.257,18.169,150.01,-7.017,0,0.085,PBE,54.506,131.587,5.333,0.006,3,0.003,95833.0488,0.028,2,0.018,6747.074,1.255,14.248,1.308,15.557,99.276,22.898,0.1,
ScPtSb,3,6.375,9.277,21.587,200.261,-6.649,0,0.659,PBE,64.761,116.107,5.333,2.588,3,1.244,10.0372,0.52,3,0.25,111.402,1.255,10.506,1.094,11.6,3.16,8.276,0.1,
ScRhTe,3,6.294,7.337,20.781,152.471,-6.615,0,0.463,PBE,62.344,113.466,5.333,0.421,3,0.202,149.6848,0.284,3,0.137,269.289,1.255,12.952,1.232,14.184,7.513,9.503,0.1,
TaCoC,3,5.216,11.79,11.826,139.425,-8.9,0,1.536,PBE,35.478,239.881,5.333,5.612,3,2.698,6.4956,4.42,8,1.105,24.782,1.255,26.281,1.707,27.988,1.701,7.749,0.11,
TaCoGe,3,5.698,11.222,15.415,172.984,-8.297,0,1.206,PBE,46.246,191.789,5.333,3.078,3,1.48,12.7857,2.472,14,0.426,82.901,1.255,20.27,1.432,21.702,2.515,24.789,0.11,
TaCoPb,3,6.041,13.467,18.376,247.465,-7.365,0,0.973,PBE,55.127,149.931,5.333,2.542,3,1.222,13.3205,5.543,17,0.838,23.436,1.255,10.569,1.089,11.659,4.105,29.161,0.1,
TaCoSi,3,5.614,10.059,14.745,148.323,-8.751,0,1.238,PBE,44.235,205.737,5.333,2.9,3,1.394,14.9975,6.619,8,1.655,11.598,1.255,26.268,1.59,27.858,2.178,5.241,0.11,
TaCoSn,3,5.952,11.299,17.567,198.485,-7.857,0,1.039,PBE,52.702,166.828,5.333,1.098,3,0.528,52.201,5.242,14,0.902,23.353,1.255,16.096,1.274,17.37,5.073,17.161,0.1,
TaFeAs,3,5.688,11.25,15.337,172.538,-8.734,0,0.9205,PBE,46.01,198.364,5.333,0.343,3,0.165,355.3634,3.342,8,0.836,31.165,1.255,21.702,1.457,23.159,9.092,9.159,0.1,
TaFeBi,3,6.072,13.224,18.659,246.741,-7.862,0,0.92,PBE,55.977,154.273,5.333,0.151,3,0.073,948.1324,1.308,8,0.327,99.03,1.255,11.63,1.11,12.74,21.047,22.736,0.1,
TaFeP,3,5.545,10.434,14.205,148.212,-9.168,0,0.837,PBE,42.615,220.237,5.333,0.344,3,0.165,392.7747,0.455,8,0.114,689.17,1.255,28.504,1.635,30.139,7.743,25.854,0.1,
TaFeSb,3,5.943,11.348,17.489,198.464,-8.379,0,0.856,PBE,52.468,177.775,5.333,0.199,9,0.046,2170.7999,3.4,8,0.85,27.217,1.255,18.38,1.314,19.694,61.944,9.553,0.1,
TaIrGe,3,6.013,13.623,18.113,246.759,-9.018,0,0.932,PBE,54.34,202.793,5.333,0.026,3,0.012,17413.8406,3.036,8,0.759,36.802,1.255,20.167,1.266,21.433,47.221,10.718,0.11,
TaIrSi,3,5.935,12.751,17.418,222.097,-9.459,0,0.795,PBE,52.255,215.602,5.333,0.139,3,0.067,1493.0304,3.127,8,0.782,37.431,1.255,24.396,1.367,25.763,15.256,9.313,0.1,
TaIrSn,3,6.219,13.581,20.047,272.259,-8.705,0,0.942,PBE,60.142,185.752,5.333,0.276,9,0.064,1382.3796,3.185,8,0.796,31.367,1.255,17.826,1.173,18.999,55.034,10.76,0.1,
TaNiAl,3,5.76,9.268,15.923,147.579,-7.362,0,0.585,MBJ,47.768,161.643,5.333,0.348,3,0.168,282.9423,0.152,14,0.026,4573.839,1.255,17.891,1.431,19.322,8.798,124.98,0.1,
TaNiB,3,5.338,10.939,12.673,138.629,-8.029,0,0.778,PBE,38.018,217.954,5.333,1.181,3,0.568,61.1353,1.879,11,0.38,111.699,1.255,24.373,1.651,26.023,4.235,19.76,0.12,
TaNiGa,3,5.737,10.884,15.732,171.237,-7.079,0,0.243,PBE,47.197,168.074,5.333,0.671,3,0.322,110.1801,0.045,14,0.008,29640.034,1.255,15.913,1.352,17.265,6.912,302.364,0.1,
TaNiIn,3,5.989,10.961,17.899,196.198,-6.643,0,0.181,PBE,53.697,145.008,5.333,0.755,3,0.363,79.5255,0.067,11,0.014,11034.004,1.255,12.392,1.198,13.59,7.054,186.038,0.1,
TaOsBi,3,6.338,15.134,21.218,321.125,-8.83,0,0.132,MBJ,63.655,170.245,5.333,11.884,3,5.713,1.4961,2.178,8,0.544,50.852,1.255,13.374,1.044,14.417,1.494,16.326,0.1,
TaOsP,3,5.89,13.07,17.031,222.596,-9.873,0,0.049,PBE,51.094,219.375,5.333,0.084,3,0.04,3243.9229,1.354,8,0.339,133.669,1.255,24.236,1.372,25.608,21.154,15.752,0.11,
TaOsSb,3,6.217,13.622,20.029,272.847,-9.327,0,0.551,PBE,60.088,193.959,5.333,0.206,3,0.099,747.3579,0.308,8,0.077,1087.991,1.255,19.535,1.197,20.732,13.49,41.805,0.1,
TaPtAl,3,6.052,12.079,18.468,223.073,-7.918,0,0.572,PBE,55.405,178.819,5.333,0.096,3,0.046,2168.7718,0.788,8,0.197,245.451,1.255,17.894,1.254,19.148,21.303,23.763,0.1,
TaPtB,3,5.733,13.634,15.706,214.123,-8.178,0,1.327,PBE,47.117,215.282,5.333,0.238,3,0.114,668.4276,0.985,3,0.473,79.318,1.255,20.921,1.367,22.289,12.775,5.446,0.1,
TaPtGa,3,6.045,13.402,18.41,246.731,-7.554,0,0.94,PBE,55.23,181.458,5.333,0.035,3,0.017,10081.9451,1.566,11,0.317,122.27,1.255,16.253,1.201,17.454,43.594,27.366,0.1,
TaPtIn,3,6.259,13.299,20.429,271.692,-7.203,0,0.923,PBE,61.288,161.87,5.333,0.475,3,0.228,177.9761,0.833,3,0.401,76.608,1.255,13.648,1.099,14.747,9.584,6.841,0.1,
TaRhC,3,5.557,11.45,14.302,163.765,-8.722,0,0.645,PBE,42.907,214.239,5.333,0.055,3,0.027,5901.8041,0.204,11,0.041,3062.326,1.255,24.052,1.536,25.588,26.517,74.787,0.1,
TaRhGe,3,5.961,11.18,17.65,197.324,-8.421,0,1.07,PBE,52.95,186.818,5.333,0.284,3,0.136,444.5668,6.064,11,1.226,16.514,1.255,21.021,1.353,22.374,9.929,9.753,0.1,
TaRhPb,3,6.266,13.26,20.499,271.804,-7.637,0,1.049,PBE,61.496,151.718,5.333,0.449,3,0.216,181.6494,2.273,3,1.093,15.935,1.255,11.892,1.065,12.957,10.579,3.997,0.1,
TaRhSi,3,5.885,10.168,16.981,172.662,-8.827,0,0.868,PBE,50.944,197.92,5.333,0.035,3,0.017,11066.7131,0.799,8,0.2,265.886,1.255,26.137,1.479,27.616,30.128,18.08,0.1,
TaRhSn,3,6.18,11.326,19.673,222.824,-8.1,0,1.047,PBE,59.019,168.556,5.333,0.403,3,0.194,237.3746,2.194,11,0.444,68.442,1.255,17.703,1.231,18.934,8.582,19.135,0.1,
TaRuAs,3,5.955,11.228,17.595,197.571,-9.021,0,0.452,PBE,52.786,193.138,5.333,0.021,3,0.01,22914.2056,2.377,8,0.594,50.604,1.255,22.464,1.374,23.838,46.017,10.63,0.1,
TaRuBi,3,6.293,13.087,20.767,271.774,-8.306,0,0.455,PBE,62.301,159.409,5.333,0.051,3,0.025,4940.3719,0.625,8,0.156,309.45,1.255,13.601,1.094,14.695,36.015,31.709,0.1,
TaRuP,3,5.831,10.488,16.518,173.245,-9.368,0,0.533,PBE,49.554,208.181,5.333,0.33,3,0.159,394.4901,0.84,8,0.21,259.493,1.255,27.639,1.508,29.147,7.754,17.487,0.1,
TaRuSb,3,6.175,11.391,19.621,223.496,-8.775,0,0.631,PBE,58.862,180.683,5.333,0.143,3,0.069,1208.4072,1.604,8,0.401,85.375,1.255,20.473,1.272,21.745,14.938,13.801,0.1,
TiAgAl,3,6.112,5.317,19.023,101.136,-4.678,0,0.151,PBE,57.069,98.093,5.333,0.382,3,0.184,149.2999,6.816,3,3.277,1.984,1.255,13.088,1.386,14.475,6.739,1.197,0.1,
TiAgB,3,5.66,6.101,15.109,92.185,-5.011,0,0.337,PBE,45.328,133.312,5.333,1.44,3,0.692,27.7655,3.849,3,1.85,6.356,1.255,18.75,1.63,20.379,2.936,1.628,0.1,
TiAgGa,3,6.088,6.638,18.8,124.794,-4.426,0,0.177,PBE,56.401,98.73,5.333,0.415,3,0.199,132.994,5.81,3,2.793,2.538,1.255,10.055,1.25,11.304,8.272,1.698,0.1,
TiAgIn,3,6.342,7.046,21.254,149.755,-4.221,0,0.072,PBE,63.763,86.833,5.333,0.243,3,0.117,261.1304,4.975,3,2.392,2.817,1.255,7.631,1.092,8.723,12.999,2.124,0.1,
TiAuAl,3,6.094,7.979,18.857,150.453,-5.343,0,0.695,PBE,56.57,120.029,5.333,1.626,3,0.782,20.8481,10.995,3,5.286,1.185,1.255,12.418,1.255,13.674,3.664,1.164,0.1,
TiAuB,3,5.7,9.167,15.436,141.503,-5.592,0,0.864,PBE,46.307,154.407,5.333,2.52,3,1.211,13.8967,3.729,3,1.793,7.721,1.255,16.046,1.421,17.467,2.837,2.242,0.1,
TiAuGa,3,6.09,9.25,18.823,174.111,-5.031,0,0.622,PBE,56.469,119.601,5.333,1.825,3,0.877,17.4708,6.18,3,2.971,2.803,1.255,10.279,1.165,11.444,4.07,1.958,0.1,
TiAuIn,3,6.337,9.389,21.202,199.072,-4.786,0,0.424,PBE,63.605,105.515,5.333,1.519,3,0.73,20.2981,6.132,3,2.948,2.502,1.255,8.274,1.043,9.318,4.924,2.131,0.1,
TiCoAs,3,5.601,6.869,14.643,100.585,-7.328,0,1.3,PBE,43.929,164.368,5.333,5.715,3,2.747,4.3311,6.852,3,3.294,3.299,1.255,25.289,1.723,27.012,1.195,1.071,0.1,
TiCoBi,3,6.026,9.586,18.233,174.789,-6.511,0,0.896,PBE,54.7,123.841,5.333,4.512,3,2.169,4.6511,2.931,3,1.409,8.886,1.255,10.409,1.177,11.586,2.418,3.133,0.1,
TiCoP,3,5.44,5.683,13.419,76.26,-7.739,0,1.375,PBE,40.257,185.328,5.333,4.194,3,2.016,7.7678,6.704,11,1.355,14.093,1.255,39.22,2.072,41.292,1.061,4.936,0.11,
TiCoSb,3,5.881,7.462,16.954,126.511,-6.965,0,1.053,PBE,50.862,143.102,5.333,3.748,3,1.802,7.0999,4.82,11,0.974,17.852,1.255,18.538,1.469,20.007,1.809,9.589,0.1,
TiCuB,3,5.3,5.452,12.408,67.653,-5.851,0,0.216,PBE,37.224,159.657,5.333,0.045,3,0.022,6015.3764,1.77,3,0.851,24.408,1.255,28.132,2.015,30.147,19.011,2.1,0.1,
TiCuGa,3,5.773,6.252,16.036,100.261,-5.015,0,0.065,PBE,48.107,113.889,5.333,0.167,3,0.08,599.3746,4.562,3,2.193,4.207,1.255,13.354,1.459,14.812,12.56,1.728,0.1,
TiFePo,3,6.035,9.45,18.316,173.09,-6.488,0,0.69,PBE,54.948,125.729,5.333,0.334,3,0.161,234.4629,0.768,11,0.155,246.666,1.255,10.987,1.192,12.179,11.136,41.668,0.1,
TiFeS,3,5.412,5.689,13.21,75.154,-7.408,0,1.101,PBE,39.629,177.363,5.333,0.256,3,0.123,491.8989,0.841,8,0.21,220.801,1.255,35.162,2.036,37.198,6.028,11.668,0.1,
TiFeSe,3,5.604,6.893,14.669,101.111,-7.099,0,0.901,PBE,44.007,159.409,5.333,0.222,3,0.107,550.1985,4.58,8,1.145,15.611,1.255,23.557,1.693,25.25,8.711,5.587,0.1,
TiFeTe,3,5.874,7.58,16.891,128.034,-6.899,0,1.546,MBJ,50.674,146.945,5.333,1.42,3,0.683,31.2578,4.947,8,1.237,12.821,1.255,19.241,1.479,20.72,3.21,5.993,0.1,
TiIrAs,3,5.931,10.027,17.388,174.36,-7.919,0,0.758,PBE,52.165,170.904,5.333,0.138,9,0.032,3604.8519,1.275,3,0.613,42.738,1.255,19.504,1.373,20.877,69.903,3.953,0.1,
TiIrBi,3,6.302,11.916,20.86,248.563,-7.263,0,0.617,PBE,62.581,138.221,5.333,0.115,3,0.055,1278.8197,0.168,3,0.081,722.152,1.255,11.145,1.066,12.211,23.171,18.436,0.1,
TiIrP,3,5.791,9.273,16.18,150.034,-8.255,0,0.896,PBE,48.541,188.372,5.333,0.913,3,0.439,77.779,0.609,3,0.293,142.651,1.255,25.375,1.536,26.911,4.131,5.265,0.1,
TiIrSb,3,6.165,10.259,19.522,200.285,-7.706,0,0.807,PBE,58.566,159.534,5.333,1.249,3,0.601,41.1315,1.564,3,0.752,29.349,1.255,17.586,1.262,18.847,4.138,3.615,0.1,
TiNiC,3,5.099,5.94,11.048,65.631,-7.264,0,0.97,PBE,33.144,203.885,5.333,3.659,3,1.759,10.4868,2.04,3,0.981,25.191,1.255,40.348,2.268,42.616,1.227,1.743,0.11,
TiNiGe,3,5.661,6.563,15.114,99.19,-6.587,0,0.625,PBE,45.343,146.947,5.333,0.05,3,0.024,4762.6476,4.061,3,1.952,6.464,1.255,21.297,1.649,22.947,21.645,1.543,0.1,
TiNiPb,3,6.042,9.448,18.381,173.67,-5.804,0,0.339,PBE,55.142,110.792,5.333,2.139,3,1.029,12.7462,3.256,3,1.565,6.788,1.255,8.321,1.118,9.439,4.155,3.229,0.1,
TiNiSi,3,5.568,5.18,14.386,74.528,-6.971,0,0.743,PBE,43.159,159.361,5.333,0.518,3,0.249,154.0146,0.084,3,0.04,2364.154,1.255,32.9,1.966,34.866,3.79,11.301,0.1,
TiNiSn,3,5.942,7.133,17.482,124.69,-6.212,0,0.442,PBE,52.446,125.264,5.333,2,3,0.962,15.9391,4.441,3,2.135,4.818,1.255,14.879,1.391,16.271,2.837,1.758,0.1,
TiOsTe,3,6.163,10.376,19.509,202.418,-7.715,0,0.478,PBE,58.527,161.82,5.333,0.07,3,0.033,3174.6538,4.671,3,2.246,5.77,1.255,17.894,1.264,19.158,23.355,1.871,0.1,
TiPtC,3,5.553,9.893,14.266,141.125,-7.202,0,0.418,PBE,42.797,181.595,5.333,0.079,3,0.038,2967.6936,1.846,2,1.163,17.373,1.255,19.885,1.523,21.407,21.802,1.859,0.1,
TiPtGe,3,5.983,9.788,17.846,174.684,-6.978,0,0.845,PBE,53.539,154.395,5.333,1.214,3,0.583,41.5751,0.055,3,0.026,4353.506,1.255,16.314,1.31,17.623,4.358,28.006,0.1,
TiPtPb,3,6.33,11.791,21.132,249.164,-6.286,0,0.712,PBE,63.396,121.255,5.333,0.476,3,0.229,132.8269,3.141,3,1.51,7.841,1.255,8.517,0.999,9.516,11.11,3.582,0.1,
TiPtSi,3,5.889,8.816,17.017,150.022,-7.367,0,0.863,PBE,51.05,167.809,5.333,0.121,3,0.058,1434.0028,4.598,3,2.21,6.127,1.255,21.594,1.462,23.056,14.433,1.628,0.1,
TiPtSn,3,6.218,9.99,20.038,200.184,-6.715,0,0.764,PBE,60.115,139.058,5.333,1.477,3,0.71,27.8887,2.878,3,1.384,10.253,1.255,13.629,1.183,14.813,4.15,2.781,0.1,
TiRhAs,3,5.882,7.366,16.96,124.925,-7.446,0,0.795,PBE,50.88,157.132,5.333,0.088,3,0.042,2161.0975,2.382,3,1.145,15.384,1.255,23.179,1.549,24.728,15.243,2.109,0.1,
TiRhBi,3,6.264,9.722,20.483,199.128,-6.792,0,0.69,PBE,61.448,124.931,5.333,1.351,3,0.649,28.6495,2.419,3,1.163,11.955,1.255,11.273,1.129,12.402,4.699,3.313,0.1,
TiRhP,3,5.74,6.383,15.76,100.599,-7.776,0,0.799,PBE,47.28,173.82,5.333,1.347,3,0.648,40.0268,2.613,3,1.256,14.815,1.255,32.87,1.794,34.664,2.343,1.574,0.11,
TiRhSb,3,6.13,7.857,19.199,150.85,-7.2,0,0.719,PBE,57.596,143.445,5.333,1.501,3,0.722,28.0846,3.134,3,1.507,9.309,1.255,19.011,1.375,20.385,3.081,1.981,0.1,
TiRuTe,3,6.126,7.989,19.159,153.067,-7.279,0,0.745,PBE,57.476,148.165,5.333,1.149,3,0.552,43.3229,1.312,3,0.631,35.502,1.255,19.987,1.387,21.373,3.564,3.291,0.1,
VCoC,3,4.948,6.683,10.095,67.465,-8.061,0,0.936,PBE,30.286,251.033,5.333,0.021,3,0.01,29610.9427,3.518,11,0.711,50.214,1.255,52.222,2.446,54.667,26.021,7.436,0.1,
VCoGe,3,5.507,7.257,13.921,101.024,-7.215,0,0.66,PBE,41.762,177.083,5.333,0.277,3,0.133,437.6002,1.007,8,0.252,168.336,1.255,26.979,1.77,28.749,7.436,13.532,0.1,
VCoPb,3,5.899,10.26,17.106,175.505,-6.27,0,0.638,PBE,51.319,130.946,5.333,0.26,3,0.125,355.5771,7.17,3,3.447,2.455,1.255,10.395,1.195,11.589,14.164,1.936,0.1,
VCoSi,3,5.404,5.807,13.15,76.363,-7.685,0,0.526,PBE,39.45,193.569,5.333,0.083,3,0.04,2930.4141,1.628,8,0.407,89.473,1.255,41.508,2.109,43.617,11.062,7.307,0.1,
VCoSn,3,5.795,7.8,16.221,126.525,-6.737,0,0.614,PBE,48.663,149.172,5.333,0.35,3,0.168,259.351,8.909,11,1.801,7.405,1.255,18.701,1.489,20.19,7.749,6.851,0.11,
VFeAs,3,5.491,7.29,13.796,100.578,-7.752,0,0.342,PBE,41.389,189.975,5.333,0.249,3,0.12,551.0831,0.114,8,0.028,4765.856,1.255,31.168,1.835,33.002,7.41,46.831,0.1,
VFeBi,3,5.927,10.072,17.353,174.781,-6.804,0,0.332,PBE,52.06,138.494,5.333,0.954,3,0.458,53.5317,4.286,8,1.072,14.983,1.255,12.153,1.234,13.387,5.946,9.528,0.1,
VFeSb,3,5.782,7.853,16.109,126.503,-7.315,0,0.321,PBE,48.326,162.745,5.333,0.159,9,0.037,2771.9479,4.794,8,1.199,14.884,1.255,22.394,1.553,23.948,53.273,5.852,0.1,
VIrC,3,5.386,10.849,13.019,141.239,-8.248,0,0.305,PBE,39.057,229.091,5.333,0.647,3,0.311,158.4726,2.815,8,0.704,46.565,1.255,27.995,1.684,29.679,5.6,9.149,0.13,
VIrGe,3,5.831,10.581,16.52,174.799,-7.886,0,0.295,PBE,49.559,188.927,5.333,0.155,3,0.075,1114.5487,0.776,11,0.157,364.817,1.255,22.051,1.43,23.481,13.757,32.269,0.1,
VIrSi,3,5.732,9.567,15.692,150.137,-8.371,0,0.184,PBE,47.077,204.679,5.333,0.026,3,0.012,17575.8684,4.783,11,0.967,25.828,1.255,28.772,1.592,30.364,33.642,9.079,0.11,
VIrSn,3,6.08,10.694,18.731,200.299,-7.51,0,0.293,PBE,56.192,166.402,5.333,0.242,3,0.116,503.3168,4.764,11,0.963,21.125,1.255,17.86,1.28,19.14,11.38,11.738,0.1,
VNiAl,3,5.578,5.23,14.46,75.619,-6.25,0,0.12,PBE,43.379,143.521,5.333,1.248,3,0.6,37.0533,0.127,8,0.032,3053.251,1.255,25.874,1.853,27.727,2.532,39.423,0.1,
VNiB,3,5.088,6.075,10.974,66.668,-7.023,0,0.904,PBE,32.922,209.252,5.333,1.24,3,0.596,54.5784,3.622,3,1.741,10.926,1.255,41.404,2.277,43.682,2.353,1.236,0.1,
VNiGa,3,5.56,6.931,14.323,99.277,-5.975,0,0.319,PBE,42.969,148.818,5.333,2.057,3,0.989,18.1656,0.369,11,0.075,875.093,1.255,19.773,1.645,21.417,2.519,43.506,0.1,
VNiIn,3,5.847,7.457,16.662,124.238,-5.54,0,0.223,PBE,49.985,123.72,5.333,1.46,3,0.702,25.254,0.264,3,0.127,328.97,1.255,13.282,1.374,14.656,3.758,10.494,0.1,
VOsAs,3,5.822,10.64,16.444,174.962,-8.476,0,0.079,PBE,49.332,198.697,5.333,0.788,3,0.379,102.3134,1.888,3,0.908,27.564,1.255,24.42,1.464,25.884,4.949,2.928,0.1,
VOsBi,3,6.208,12.495,19.941,249.165,-7.656,0,0.119,PBE,59.824,155.111,5.333,0.727,3,0.349,90.1087,1.678,3,0.807,25.697,1.255,13.183,1.119,14.302,7.337,4.442,0.1,
VOsP,3,5.674,9.896,15.222,150.636,-8.901,0,1.099,MBJ,45.667,218.599,5.333,0.984,3,0.473,80.6227,2.307,3,1.109,22.458,1.255,31.311,1.634,32.945,3.743,2.245,0.15,
VOsSb,3,6.07,10.777,18.64,200.887,-8.172,0,0.109,PBE,55.921,178.244,5.333,0.722,3,0.347,104.6703,1.284,11,0.26,161.788,1.255,20.539,1.322,21.861,5.54,24.178,0.1,
VPtAl,3,5.876,8.936,16.91,151.113,-6.803,0,1.015,MBJ,50.731,157.257,5.333,0.132,3,0.063,1182.8747,1.662,11,0.336,96.897,1.255,18.316,1.408,19.725,15.023,20.248,0.1,
VPtB,3,5.488,10.32,13.775,142.162,-7.176,0,0.369,PBE,41.324,205.983,5.333,0.174,3,0.084,1017.713,1.019,3,0.49,72.118,1.255,24.399,1.606,26.006,12.616,4.376,0.1,
VPtGa,3,5.881,10.31,16.952,174.771,-6.429,0,0.167,PBE,50.855,159.105,5.333,0.27,3,0.13,408.6055,1.597,3,0.768,28.386,1.255,15.819,1.318,17.137,11.382,3.917,0.1,
VReTe,3,6.107,10.637,18.98,201.893,-7.918,0,0.244,MBJ,56.94,170.237,5.333,0.316,3,0.152,345.075,2.073,11,0.419,75.288,1.255,19.074,1.292,20.366,9.322,18.592,0.1,
VRhC,3,5.301,7.396,12.412,91.804,-7.798,0,0.452,PBE,37.236,218.964,5.333,0.594,3,0.286,172.0788,3.739,3,1.798,10.901,1.255,39.108,2.026,41.134,4.064,1.348,0.1,
VRhGe,3,5.787,7.764,16.148,125.363,-7.31,0,0.319,PBE,48.443,170.445,5.333,0.094,6,0.028,4287.4549,1.833,3,0.881,24.725,1.255,25.201,1.598,26.799,38.849,2.47,0.1,
VRhSi,3,5.69,6.559,15.354,100.702,-7.739,0,0.187,PBE,46.063,185.625,5.333,0.223,3,0.107,633.5498,1.492,3,0.717,36.681,1.255,36.159,1.845,38.003,6.71,2.147,0.1,
VRhSn,3,6.042,8.206,18.385,150.864,-6.95,0,0.346,PBE,55.155,149.417,5.333,0.463,3,0.223,170.8196,2.2,3,1.058,16.481,1.255,19.179,1.393,20.572,6.442,2.528,0.1,
VRuAs,3,5.773,7.833,16.036,125.61,-7.966,0,0.14,PBE,48.108,184.823,5.333,0.893,3,0.429,78.8462,3.21,11,0.649,42.42,1.255,29.696,1.66,31.356,3.524,10.085,0.11,
VRuBi,3,6.166,10.229,19.533,199.814,-7.173,0,0.199,PBE,58.599,143.372,5.333,0.348,3,0.167,251.0941,3.637,11,0.735,27.28,1.255,13.932,1.198,15.129,9.968,15.042,0.1,
VRuP,3,5.625,6.83,14.829,101.285,-8.374,0,0.074,PBE,44.486,204.176,5.333,0.541,3,0.26,184.859,2.901,3,1.395,14.876,1.255,41.535,1.918,43.453,3.796,1.385,0.1,
VRuSb,3,6.029,8.296,18.266,151.536,-7.646,0,0.176,PBE,54.798,163.953,5.333,0.013,3,0.006,39508.623,1.708,11,0.345,96.994,1.255,23.151,1.454,24.605,50.247,16.65,0.1,
WCoAl,3,5.63,10.039,14.874,149.313,-8.04,0,0.455,MBJ,44.621,195.013,5.333,0.11,3,0.053,1921.7586,0.158,6,0.048,2235.493,1.255,23.522,1.545,25.067,16.332,34.702,0.1,
WCoB,3,5.232,11.759,11.937,140.362,-8.755,0,0.753,PBE,35.81,262.595,5.333,0.05,3,0.024,8501.9113,1.356,8,0.339,159.643,1.255,32.422,1.783,34.205,25.937,14.104,0.1,
WCoGa,3,5.622,11.683,14.805,172.971,-7.703,0,0.346,PBE,44.416,201.667,5.333,0.018,3,0.008,31271.6037,1.83,6,0.554,58.647,1.255,21.002,1.458,22.46,56.762,9.211,0.1,
WCoIn,3,5.874,11.718,16.891,197.931,-7.176,0,0.377,PBE,50.674,171.453,5.333,0.259,9,0.06,1400.7853,0.864,6,0.262,153.742,1.255,15.939,1.285,17.223,58.166,16.023,0.1,
WFeC,3,5.164,12.138,11.478,139.317,-9.298,0,0.518,PBE,34.434,273.211,5.333,0.301,3,0.145,595.5946,1.355,8,0.339,166.288,1.255,33.185,1.813,34.998,8.963,14.348,0.14,
WFeGe,3,5.623,11.669,14.815,172.876,-8.693,0,0.201,PBE,44.446,218.169,5.333,0.135,3,0.065,1579.6661,3.512,8,0.878,31.821,1.255,25.052,1.517,26.57,15.239,8.523,0.1,
WFeSi,3,5.532,10.505,14.109,148.214,-9.21,0,0.048,PBE,42.328,235.323,5.333,0.11,3,0.053,2310.2426,4.05,8,1.013,27.717,1.255,32.598,1.688,34.286,14.387,6.54,0.1,
WFeSn,3,5.875,11.742,16.894,198.376,-8.204,0,0.235,PBE,50.683,188.992,5.333,0.102,3,0.049,2087.7154,3.745,14,0.645,43.816,1.255,19.734,1.347,21.081,19.7,19.6,0.1,
WIrAl,3,5.929,12.843,17.371,223.087,-8.874,0,0.143,MBJ,52.112,212.737,5.333,3.162,3,1.52,13.6238,1.107,6,0.335,131.516,1.255,23.434,1.354,24.788,2.403,11.905,0.1,
WIrB,3,5.627,14.426,14.844,214.136,-9.177,0,0.591,MBJ,44.531,257.422,5.333,0.034,3,0.016,14890.8198,0.61,8,0.152,518.769,1.255,27.962,1.481,29.443,37.256,25.941,0.1,
WIrGa,3,5.933,14.179,17.402,246.745,-8.456,0,0.233,MBJ,52.205,215.895,5.333,5.033,3,2.42,6.8831,0.684,6,0.207,274.731,1.255,21.488,1.297,22.785,2.007,17.543,0.1,
WIrIn,3,6.149,14.024,19.375,271.706,-8.001,0,0.363,MBJ,58.124,192.332,5.333,0.968,3,0.465,72.7553,0.52,6,0.157,369.498,1.255,18.103,1.188,19.291,5.681,21.766,0.1,
WOsPb,3,6.238,15.907,20.226,321.74,-8.599,0,0.347,MBJ,60.679,187.378,5.333,0.492,3,0.236,195.5852,0.805,14,0.139,436.154,1.255,15.081,1.085,16.166,9.913,63.755,0.1,
WOsSn,3,6.147,14.09,19.359,272.76,-9.163,0,0.244,MBJ,58.076,207.395,5.333,4.445,3,2.137,7.9673,1.94,14,0.334,128.896,1.255,21.264,1.231,22.495,2.104,29.903,0.1,
WRhAl,3,5.889,10.201,17.022,173.652,-8.159,0,0.206,MBJ,51.067,191.566,5.333,9.719,3,4.673,2.276,1.335,6,0.404,89.421,1.255,24.254,1.452,25.705,1.064,9.239,0.1,
WRhB,3,5.553,11.542,14.27,164.701,-8.559,0,0.764,MBJ,42.81,239.525,5.333,0.101,3,0.049,2688.7455,0.207,8,0.052,2443.973,1.255,30.46,1.619,32.079,16.514,42.387,0.1,
WRhGa,3,5.884,11.621,16.978,197.31,-7.8,0,0.266,MBJ,50.935,195.501,5.333,0.57,3,0.274,163.5408,0.668,6,0.202,258.065,1.255,21.613,1.375,22.988,6.657,15.978,0.1,
WRhIn,3,6.107,11.712,18.979,222.271,-7.383,0,0.23,MBJ,56.936,172.84,5.333,0.194,3,0.093,728.3335,0.976,6,0.296,128.97,1.255,17.545,1.241,18.786,13.75,13.76,0.1,
WRuPb,3,6.192,13.768,19.784,272.389,-8.047,0,0.159,MBJ,59.352,173.822,5.333,0.135,3,0.065,1263.4604,0.467,14,0.08,914.763,1.255,15,1.132,16.132,20.028,82.138,0.1,
YAgC,3,6.061,6.229,18.552,115.565,-5.15,0,0.851,MBJ,55.656,88.025,5.333,0.008,3,0.004,44286.5475,0.755,9,0.174,144.913,1.255,8.348,1.223,9.571,93.095,28.313,0.21,
YAgSi,3,6.45,5.567,22.357,124.463,-5.219,0,0.113,MBJ,67.07,80.654,5.333,1.312,3,0.631,19.3209,1.386,6,0.42,35.589,1.255,8.926,1.164,10.09,3.794,9.689,0.11,
YAuGe,3,6.539,8.517,23.299,198.441,-5.492,0,0.324,MBJ,69.896,83.594,5.333,0.011,6,0.003,52170.0363,0.942,6,0.285,65.832,1.255,5.919,0.945,6.864,268.757,18.611,0.18,
YAuSi,3,6.458,7.742,22.445,173.78,-5.709,0,0.239,PBE,67.335,91.42,5.333,1.492,6,0.452,36.1179,1.145,6,0.347,53.724,1.255,7.908,1.049,8.958,11.835,13.873,0.19,
YAuSn,3,6.736,8.792,25.472,223.942,-5.375,0,0.077,MBJ,76.415,79.89,5.333,0.383,6,0.116,242.675,1.055,6,0.32,53.082,1.255,5.465,0.882,6.347,33.005,17.97,0.15,
YCoS,3,5.874,5.895,16.891,99.579,-6.565,0,0.061,PBE,50.673,108.87,5.333,0.212,3,0.102,401.5211,12.045,4,4.78,1.25,1.255,13.437,1.443,14.88,10.367,1.374,0.2,
YCoTe,3,6.296,7.332,20.794,152.459,-6.278,0,0.872,PBE,62.382,96.335,5.333,4.193,3,2.016,4.0393,8.574,8,2.144,3.684,1.255,9.021,1.136,10.156,2.242,5.763,0.25,
YCuC,3,5.698,5.906,15.414,91.032,-5.793,0,0.085,PBE,46.242,105.963,5.333,1.088,3,0.523,33.6134,0.295,8,0.074,634.879,1.255,11.881,1.467,13.348,4.216,36.421,0.11,
YCuGe,3,6.233,6.173,20.182,124.591,-5.474,0,0.299,MBJ,60.547,82.585,5.333,1.649,3,0.793,14.0402,1.245,6,0.377,42.804,1.255,7.749,1.157,8.906,3.837,11.986,0.2,
YHgAl,3,6.715,6.944,25.229,175.174,-3.819,0,0.084,PBE,75.686,67.389,5.333,0.702,6,0.213,82.4924,0.418,6,0.127,179.537,1.255,4.963,0.915,5.878,20.902,28.528,0.12,
YHgB,3,6.355,7.774,21.383,166.224,-3.893,0,0.096,PBE,64.149,78.041,5.333,1.317,3,0.633,18.5886,1.271,6,0.385,39.214,1.255,5.365,0.983,6.348,5.822,15.695,0.19,
YNiAs,3,6.101,6.508,18.925,123.168,-6.476,0,0.492,PBE,56.774,99.593,5.333,2.916,3,1.402,7.2003,0.205,8,0.051,1030.079,1.255,10.545,1.265,11.81,2.479,48.132,0.11,
YNiBi,3,6.493,8.651,22.814,197.371,-5.95,0,0.193,PBE,68.443,78.934,5.333,2.032,3,0.977,9.8103,0.346,8,0.087,372.326,1.255,5.043,0.917,5.961,4.835,55.213,0.16,
YNiP,3,5.964,5.593,17.674,98.842,-6.718,0,0.594,PBE,53.021,108.756,5.333,2.702,3,1.299,8.8151,0.355,8,0.089,493.609,1.255,14.731,1.459,16.19,2.067,27.579,0.18,
YNiSb,3,6.359,6.956,21.433,149.094,-6.262,0,0.285,PBE,64.298,90.264,5.333,2.238,3,1.076,9.7057,0.148,8,0.037,1521.922,1.255,8.494,1.117,9.611,3.236,65.179,0.11,
YPtBi,3,6.746,10.667,25.58,272.865,-6.51,0,0.424,MBJ,76.739,87.827,5.333,0.669,3,0.322,57.782,0.738,6,0.224,99.742,1.255,5.343,0.839,6.182,10.102,25.134,0.14,
YPtP,3,6.305,8.347,20.886,174.336,-7.038,0,0.917,MBJ,62.657,107.722,5.333,0.013,3,0.006,26163.1937,0.751,8,0.188,158.897,1.255,9.898,1.124,11.022,73.934,25.597,0.2,
ZrAgB,3,5.925,6.702,17.335,116.184,-5.343,0,0.24,PBE,52.005,127.111,5.333,0.266,6,0.081,667.1048,2.825,6,0.856,19.275,1.255,16.487,1.45,17.937,23.126,5.603,0.22,
ZrAuAl,3,6.316,8.308,20.998,174.452,-5.742,0,0.472,PBE,62.993,117.633,5.333,1.212,6,0.367,63.4755,0.309,6,0.094,493.086,1.255,12.143,1.175,13.318,11.604,26.346,0.2,
ZrAuB,3,5.976,9.305,17.786,165.501,-5.902,0,0.79,PBE,53.359,142.609,5.333,1.729,6,0.524,45.1633,2.752,6,0.833,22.491,1.255,14.517,1.292,15.809,9.575,7.245,0.21,
ZrAuGa,3,6.3,9.506,20.84,198.11,-5.453,0,0.594,PBE,62.519,117.321,5.333,1.362,6,0.412,53.1425,4.479,6,1.356,8.911,1.255,10.194,1.1,11.294,12.724,6.229,0.23,
ZrCoAs,3,5.836,7.52,16.568,124.584,-7.622,0,1.208,PBE,49.703,151.444,5.333,4.412,3,2.121,5.883,4.502,8,1.126,15.22,1.255,20.506,1.517,22.023,1.577,6.149,0.14,
ZrCoBi,3,6.223,9.897,20.085,198.787,-6.908,0,0.985,PBE,60.256,118.732,5.333,3.405,3,1.637,6.8029,6.877,8,1.719,6.32,1.255,9.726,1.098,10.823,2.938,7.608,0.21,
ZrCoP,3,5.699,6.502,15.421,100.258,-7.963,0,1.284,PBE,46.262,166.917,5.333,4.289,3,2.062,6.765,5.552,8,1.388,12.249,1.255,28.959,1.754,30.713,1.267,4.286,0.23,
ZrCoSb,3,6.094,7.98,18.86,150.51,-7.329,0,1.057,PBE,56.58,135.048,5.333,3.517,3,1.691,7.3711,3.412,8,0.853,20.571,1.255,16.127,1.331,17.458,2.032,8.169,0.11,
ZrCuB,3,5.587,6.307,14.532,91.651,-6.136,0,0.084,PBE,43.595,146.73,5.333,0.817,6,0.247,143.0601,0.261,6,0.079,792.302,1.255,21.705,1.704,23.408,10.433,20.69,0.19,
ZrFePo,3,6.232,9.774,20.165,197.089,-6.823,0,0.096,PBE,60.495,119.041,5.333,0.177,3,0.085,575.493,4.951,4,1.965,5.187,1.255,9.959,1.105,11.063,16.99,3.444,0.22,
ZrFeS,3,5.669,6.53,15.184,99.153,-7.553,0,0.326,PBE,45.553,158.293,5.333,0.299,3,0.144,348.5428,1.195,4,0.474,58.163,1.255,25.346,1.714,27.06,6.743,4.393,0.12,
ZrFeSe,3,5.838,7.547,16.578,125.11,-7.321,0,0.112,PBE,49.734,145.997,5.333,0.052,3,0.025,4432.4124,3.981,4,1.58,8.823,1.255,18.832,1.486,20.319,23.659,2.621,0.11,
ZrFeTe,3,6.084,8.103,18.763,152.033,-7.19,0,1.156,PBE,56.289,136.714,5.333,7.255,3,3.488,2.5186,4.843,4,1.922,6.157,1.255,16.211,1.332,17.543,1.326,2.528,0.21,
ZrIrAs,3,6.157,10.2,19.446,198.358,-8.276,0,0.265,PBE,58.339,156.638,5.333,0.024,3,0.012,15166.4148,3.481,8,0.87,23.153,1.255,16.961,1.255,18.216,45.027,8.973,0.16,
ZrIrBi,3,6.48,12.018,22.68,272.562,-7.741,0,0.204,PBE,68.039,133.524,5.333,0.112,6,0.034,2564.8655,2.838,8,0.71,26.811,1.255,10.8,1.014,11.814,61.974,13.331,0.27,
ZrIrP,3,6.038,9.487,18.344,174.033,-8.533,0,0.782,PBE,55.031,168.954,5.333,0.191,9,0.044,2185.9634,4.777,8,1.194,15.535,1.255,21.076,1.379,22.455,52.84,6.493,0.2,
ZrIrSb,3,6.358,10.472,21.418,224.284,-8.134,0,1.407,PBE,64.255,150.824,5.333,1.077,6,0.326,97.1585,1.966,8,0.492,52.525,1.255,16.108,1.177,17.285,12.304,12.828,0.15,
ZrNiC,3,5.397,6.842,13.099,89.629,-7.446,0,0.953,PBE,39.298,178.536,5.333,0.995,3,0.478,64.7579,0.5,8,0.125,484.776,1.255,28.343,1.868,30.211,3.311,19.756,0.11,
ZrNiGe,3,5.895,7.215,17.074,123.188,-6.955,0,0.665,PBE,51.223,137.365,5.333,1.148,3,0.552,40.2037,3.453,8,0.863,20.552,1.255,17.722,1.46,19.182,3.683,7.509,0.22,
ZrNiPb,3,6.239,9.769,20.233,197.669,-6.245,0,0.365,PBE,60.7,109.603,5.333,1.698,9,0.392,53.4984,2.325,8,0.581,29.68,1.255,8.315,1.059,9.374,22.134,15.544,0.2,
ZrNiSi,3,5.818,6.003,16.413,98.527,-7.294,0,0.786,PBE,49.24,146.561,5.333,1.745,3,0.839,22.8891,4.611,8,1.153,14.21,1.255,24.931,1.676,26.606,2.203,4.856,0.11,
ZrNiSn,3,6.148,7.676,19.37,148.689,-6.633,0,0.486,PBE,58.109,120.938,5.333,1.59,3,0.764,21.7156,2.772,3,1.333,9.434,1.255,13.474,1.273,14.748,3.469,2.485,0.13,
ZrPtPb,3,6.502,11.928,22.902,273.163,-6.788,0,0.826,PBE,68.705,120.947,5.333,1.683,3,0.809,19.9421,1.168,3,0.562,34.493,1.255,8.81,0.966,9.775,5.058,6.297,0.11,
ZrPtSi,3,6.129,9.071,19.185,174.021,-7.713,0,1.337,PBE,57.554,155.002,5.333,2.314,6,0.701,31.7047,3.719,6,1.126,15.561,1.255,18.944,1.33,20.274,6.813,5.125,0.23,
ZrPtSn,3,6.407,10.228,21.918,224.183,-7.182,0,0.974,PBE,65.753,135.589,5.333,1.769,3,0.85,20.7461,2.46,3,1.183,12.651,1.255,13.292,1.121,14.412,3.733,3.063,0.11,
ZrRhAs,3,6.104,7.858,18.953,148.923,-7.835,0,1.204,PBE,56.859,148.399,5.333,1.368,3,0.658,33.389,1.52,8,0.38,76.021,1.255,20.321,1.404,21.726,3.162,11.718,0.11,
ZrRhBi,3,6.443,10.01,22.29,223.127,-7.267,0,1.023,PBE,66.869,123.348,5.333,3.901,6,1.181,11.5266,0.345,8,0.086,584.352,1.255,11.187,1.074,12.261,6.554,42.015,0.11,
ZrRhP,3,5.984,6.977,17.858,124.598,-8.103,0,1.427,PBE,53.574,160.409,5.333,1.885,6,0.571,44.6268,1.753,8,0.438,66.348,1.255,26.825,1.581,28.405,5.692,8.893,0.13,
ZrRhSb,3,6.324,8.297,21.074,174.849,-7.642,0,1.18,PBE,63.221,137.754,5.333,3.403,3,1.636,7.8998,1.787,8,0.447,55.359,1.255,17.304,1.271,18.575,1.987,11.546,0.11,
ZrRuTe,3,6.318,8.426,21.015,177.065,-7.666,0,0.888,PBE,63.044,141.107,5.333,0.456,3,0.219,164.9699,3.2,8,0.8,23.664,1.255,17.879,1.277,19.157,6.592,8.084,0.15,